filename,label
C1.jpeg,crack
C10.jpeg,crack
C100.jpeg,crack
C101.jpeg,crack
C102.jpeg,crack
C103.jpeg,crack
C104.jpeg,crack
C105.jpeg,crack
C106.jpeg,crack
C107.jpeg,crack
C108.jpeg,crack
C109.jpeg,crack
C11.jpeg,crack
C110.jpeg,crack
C111.jpeg,crack
C112.jpeg,crack
C113.jpeg,crack
C114.jpeg,crack
C115.jpeg,crack
C116.jpeg,crack
C117.jpeg,crack
C118.jpeg,crack
C119.jpeg,crack
C12.jpeg,crack
C120.jpeg,crack
C121.jpeg,crack
C122.jpeg,crack
C123.jpeg,crack
C124.jpeg,crack
C125.jpeg,crack
C126.jpeg,crack
C127.jpeg,crack
C128.jpeg,crack
C129.jpeg,crack
C13.jpeg,crack
C130.jpeg,crack
C131.jpeg,crack
C132.jpeg,crack
C133.jpeg,crack
C134.jpeg,crack
C135.jpeg,crack
C136.jpeg,crack
C137.jpeg,crack
C138.jpeg,crack
C139.jpeg,crack
C14.jpeg,crack
C140.jpeg,crack
C141.jpeg,crack
C142.jpeg,crack
C143.jpeg,crack
C144.jpeg,crack
C145.jpeg,crack
C146.jpeg,crack
C147.jpeg,crack
C148.jpeg,crack
C149.jpeg,crack
C15.jpeg,crack
C150.jpeg,crack
C151.jpeg,crack
C152.jpeg,crack
C153.jpeg,crack
C154.jpeg,crack
C155.jpeg,crack
C156.jpeg,crack
C157.jpeg,crack
C158.jpeg,crack
C159.jpeg,crack
C16.jpeg,crack
C160.jpeg,crack
C161.jpeg,crack
C162.jpeg,crack
C163.jpeg,crack
C164.jpeg,crack
C165.jpeg,crack
C166.jpeg,crack
C167.jpeg,crack
C168.jpeg,crack
C169.jpeg,crack
C17.jpeg,crack
C170.jpeg,crack
C171.jpeg,crack
C172.jpeg,crack
C173.jpeg,crack
C174.jpeg,crack
C175.jpeg,crack
C176.jpeg,crack
C177.jpeg,crack
C178.jpeg,crack
C179.jpeg,crack
C18.jpeg,crack
C180.jpeg,crack
C181.jpeg,crack
C182.jpeg,crack
C183.jpeg,crack
C184.jpeg,crack
C185.jpeg,crack
C186.jpeg,crack
C187.jpeg,crack
C188.jpeg,crack
C189.jpeg,crack
C19.jpeg,crack
C190.jpeg,crack
C191.jpeg,crack
C192.jpeg,crack
C193.jpeg,crack
C194.jpeg,crack
C195.jpeg,crack
C196.jpeg,crack
C197.jpeg,crack
C198.jpeg,crack
C199.jpeg,crack
C2.jpeg,crack
C20.jpeg,crack
C200.jpeg,crack
C201.jpeg,crack
C202.jpeg,crack
C203.jpeg,crack
C204.jpeg,crack
C205.jpeg,crack
C206.jpeg,crack
C207.jpeg,crack
C208.jpeg,crack
C209.jpeg,crack
C21.jpeg,crack
C210.jpeg,crack
C211.jpeg,crack
C212.jpeg,crack
C213.jpeg,crack
C214.jpeg,crack
C215.jpeg,crack
C216.jpeg,crack
C217.jpeg,crack
C218.jpeg,crack
C219.jpeg,crack
C22.jpeg,crack
C220.jpeg,crack
C221.jpeg,crack
C222.jpeg,crack
C223.jpeg,crack
C224.jpeg,crack
C225.jpeg,crack
C226.jpeg,crack
C227.jpeg,crack
C228.jpeg,crack
C229.jpeg,crack
C23.jpeg,crack
C230.jpeg,crack
C231.jpeg,crack
C232.jpeg,crack
C233.jpeg,crack
C234.jpeg,crack
C235.jpeg,crack
C236.jpeg,crack
C237.jpeg,crack
C238.jpeg,crack
C239.jpeg,crack
C24.jpeg,crack
C240.jpeg,crack
C241.jpeg,crack
C242.jpeg,crack
C243.jpeg,crack
C244.jpeg,crack
C245.jpeg,crack
C246.jpeg,crack
C247.jpeg,crack
C248.jpeg,crack
C249.jpeg,crack
C25.jpeg,crack
C250.jpeg,crack
C251.jpeg,crack
C252.jpeg,crack
C253.jpeg,crack
C254.jpeg,crack
C255.jpeg,crack
C256.jpeg,crack
C257.jpeg,crack
C258.jpeg,crack
C259.jpeg,crack
C26.jpeg,crack
C260.jpeg,crack
C261.jpeg,crack
C262.jpeg,crack
C263.jpeg,crack
C264.jpeg,crack
C265.jpeg,crack
C266.jpeg,crack
C267.jpeg,crack
C268.jpeg,crack
C269.jpeg,crack
C27.jpeg,crack
C270.jpeg,crack
C271.jpeg,crack
C272.jpeg,crack
C273.jpeg,crack
C274.jpeg,crack
C275.jpeg,crack
C276.jpeg,crack
C277.jpeg,crack
C278.jpeg,crack
C279.jpeg,crack
C28.jpeg,crack
C280.jpeg,crack
C281.jpeg,crack
C282.jpeg,crack
C283.jpeg,crack
C284.jpeg,crack
C285.jpeg,crack
C286.jpeg,crack
C287.jpeg,crack
C288.jpeg,crack
C289.jpeg,crack
C29.jpeg,crack
C290.jpeg,crack
C291.jpeg,crack
C292.jpeg,crack
C293.jpeg,crack
C294.jpeg,crack
C295.jpeg,crack
C296.jpeg,crack
C297.jpeg,crack
C298.jpeg,crack
C299.jpeg,crack
C3.jpeg,crack
C30.jpeg,crack
C300.jpeg,crack
C301.jpeg,crack
C302.jpeg,crack
C303.jpeg,crack
C304.jpeg,crack
C305.jpeg,crack
C306.jpeg,crack
C307.jpeg,crack
C308.jpeg,crack
C309.jpeg,crack
C31.jpeg,crack
C310.jpeg,crack
C311.jpeg,crack
C312.jpeg,crack
C313.jpeg,crack
C314.jpeg,crack
C315.jpeg,crack
C316.jpeg,crack
C317.jpeg,crack
C318.jpeg,crack
C319.jpeg,crack
C32.jpeg,crack
C320.jpeg,crack
C321.jpeg,crack
C322.jpeg,crack
C323.jpeg,crack
C324.jpeg,crack
C325.jpeg,crack
C326.jpeg,crack
C327.jpeg,crack
C328.jpeg,crack
C329.jpeg,crack
C33.jpeg,crack
C330.jpeg,crack
C331.jpeg,crack
C332.jpeg,crack
C333.jpeg,crack
C334.jpeg,crack
C335.jpeg,crack
C336.jpeg,crack
C337.jpeg,crack
C338.jpeg,crack
C339.jpeg,crack
C34.jpeg,crack
C340.jpeg,crack
C341.jpeg,crack
C342.jpeg,crack
C343.jpeg,crack
C344.jpeg,crack
C345.jpeg,crack
C346.jpeg,crack
C347.jpeg,crack
C348.jpeg,crack
C349.jpeg,crack
C35.jpeg,crack
C350.jpeg,crack
C36.jpeg,crack
C37.jpeg,crack
C38.jpeg,crack
C39.jpeg,crack
C4.jpeg,crack
C40.jpeg,crack
C41.jpeg,crack
C42.jpeg,crack
C43.jpeg,crack
C44.jpeg,crack
C45.jpeg,crack
C46.jpeg,crack
C47.jpeg,crack
C48.jpeg,crack
C49.jpeg,crack
C5.jpeg,crack
C50.jpeg,crack
C51.jpeg,crack
C52.jpeg,crack
C53.jpeg,crack
C54.jpeg,crack
C55.jpeg,crack
C56.jpeg,crack
C57.jpeg,crack
C58.jpeg,crack
C59.jpeg,crack
C6.jpeg,crack
C60.jpeg,crack
C61.jpeg,crack
C62.jpeg,crack
C63.jpeg,crack
C64.jpeg,crack
C65.jpeg,crack
C66.jpeg,crack
C67.jpeg,crack
C68.jpeg,crack
C69.jpeg,crack
C7.jpeg,crack
C70.jpeg,crack
C71.jpeg,crack
C72.jpeg,crack
C73.jpeg,crack
C74.jpeg,crack
C75.jpeg,crack
C76.jpeg,crack
C77.jpeg,crack
C78.jpeg,crack
C79.jpeg,crack
C8.jpeg,crack
C80.jpeg,crack
C81.jpeg,crack
C82.jpeg,crack
C83.jpeg,crack
C84.jpeg,crack
C85.jpeg,crack
C86.jpeg,crack
C87.jpeg,crack
C88.jpeg,crack
C89.jpeg,crack
C9.jpeg,crack
C90.jpeg,crack
C91.jpeg,crack
C92.jpeg,crack
C93.jpeg,crack
C94.jpeg,crack
C95.jpeg,crack
C96.jpeg,crack
C97.jpeg,crack
C98.jpeg,crack
C99.jpeg,crack
H1.jpeg,hotspot
H10.jpeg,hotspot
H100.jpeg,hotspot
H101.jpeg,hotspot
H102.jpeg,hotspot
H103.jpeg,hotspot
H104.jpeg,hotspot
H105.jpeg,hotspot
H106.jpeg,hotspot
H107.jpeg,hotspot
H108.jpeg,hotspot
H109.jpeg,hotspot
H11.jpeg,hotspot
H110.jpeg,hotspot
H111.jpeg,hotspot
H112.jpeg,hotspot
H113.jpeg,hotspot
H114.jpeg,hotspot
H115.jpeg,hotspot
H116.jpeg,hotspot
H117.jpeg,hotspot
H118.jpeg,hotspot
H119.jpeg,hotspot
H12.jpeg,hotspot
H120.jpeg,hotspot
H121.jpeg,hotspot
H122.jpeg,hotspot
H123.jpeg,hotspot
H124.jpeg,hotspot
H125.jpeg,hotspot
H126.jpeg,hotspot
H127.jpeg,hotspot
H128.jpeg,hotspot
H129.jpeg,hotspot
H13.jpeg,hotspot
H130.jpeg,hotspot
H131.jpeg,hotspot
H132.jpeg,hotspot
H133.jpeg,hotspot
H134.jpeg,hotspot
H135.jpeg,hotspot
H136.jpeg,hotspot
H137.jpeg,hotspot
H138.jpeg,hotspot
H139.jpeg,hotspot
H14.jpeg,hotspot
H140.jpeg,hotspot
H141.jpeg,hotspot
H142.jpeg,hotspot
H143.jpeg,hotspot
H144.jpeg,hotspot
H145.jpeg,hotspot
H146.jpeg,hotspot
H147.jpeg,hotspot
H148.jpeg,hotspot
H149.jpeg,hotspot
H15.jpeg,hotspot
H150.jpeg,hotspot
H151.jpeg,hotspot
H152.jpeg,hotspot
H153.jpeg,hotspot
H154.jpeg,hotspot
H155.jpeg,hotspot
H156.jpeg,hotspot
H157.jpeg,hotspot
H158.jpeg,hotspot
H159.jpeg,hotspot
H16.jpeg,hotspot
H160.jpeg,hotspot
H161.jpeg,hotspot
H162.jpeg,hotspot
H163.jpeg,hotspot
H164.jpeg,hotspot
H165.jpeg,hotspot
H166.jpeg,hotspot
H167.jpeg,hotspot
H168.jpeg,hotspot
H169.jpeg,hotspot
H17.jpeg,hotspot
H170.jpeg,hotspot
H171.jpeg,hotspot
H172.jpeg,hotspot
H173.jpeg,hotspot
H174.jpeg,hotspot
H175.jpeg,hotspot
H176.jpeg,hotspot
H177.jpeg,hotspot
H178.jpeg,hotspot
H179.jpeg,hotspot
H18.jpeg,hotspot
H180.jpeg,hotspot
H181.jpeg,hotspot
H182.jpeg,hotspot
H183.jpeg,hotspot
H184.jpeg,hotspot
H185.jpeg,hotspot
H186.jpeg,hotspot
H187.jpeg,hotspot
H188.jpeg,hotspot
H189.jpeg,hotspot
H19.jpeg,hotspot
H190.jpeg,hotspot
H191.jpeg,hotspot
H192.jpeg,hotspot
H193.jpeg,hotspot
H194.jpeg,hotspot
H195.jpeg,hotspot
H196.jpeg,hotspot
H197.jpeg,hotspot
H198.jpeg,hotspot
H199.jpeg,hotspot
H2.jpeg,hotspot
H20.jpeg,hotspot
H200.jpeg,hotspot
H201.jpeg,hotspot
H202.jpeg,hotspot
H203.jpeg,hotspot
H204.jpeg,hotspot
H205.jpeg,hotspot
H206.jpeg,hotspot
H207.jpeg,hotspot
H208.jpeg,hotspot
H209.jpeg,hotspot
H21.jpeg,hotspot
H210.jpeg,hotspot
H211.jpeg,hotspot
H212.jpeg,hotspot
H213.jpeg,hotspot
H214.jpeg,hotspot
H215.jpeg,hotspot
H216.jpeg,hotspot
H217.jpeg,hotspot
H218.jpeg,hotspot
H219.jpeg,hotspot
H22.jpeg,hotspot
H220.jpeg,hotspot
H221.jpeg,hotspot
H222.jpeg,hotspot
H223.jpeg,hotspot
H224.jpeg,hotspot
H225.jpeg,hotspot
H226.jpeg,hotspot
H227.jpeg,hotspot
H228.jpeg,hotspot
H229.jpeg,hotspot
H23.jpeg,hotspot
H230.jpeg,hotspot
H231.jpeg,hotspot
H232.jpeg,hotspot
H233.jpeg,hotspot
H234.jpeg,hotspot
H235.jpeg,hotspot
H236.jpeg,hotspot
H237.jpeg,hotspot
H238.jpeg,hotspot
H239.jpeg,hotspot
H24.jpeg,hotspot
H240.jpeg,hotspot
H241.jpeg,hotspot
H242.jpeg,hotspot
H243.jpeg,hotspot
H244.jpeg,hotspot
H245.jpeg,hotspot
H246.jpeg,hotspot
H247.jpeg,hotspot
H248.jpeg,hotspot
H249.jpeg,hotspot
H25.jpeg,hotspot
H250.jpeg,hotspot
H251.jpeg,hotspot
H252.jpeg,hotspot
H253.jpeg,hotspot
H254.jpeg,hotspot
H255.jpeg,hotspot
H256.jpeg,hotspot
H257.jpeg,hotspot
H258.jpeg,hotspot
H259.jpeg,hotspot
H26.jpeg,hotspot
H260.jpeg,hotspot
H261.jpeg,hotspot
H262.jpeg,hotspot
H263.jpeg,hotspot
H264.jpeg,hotspot
H265.jpeg,hotspot
H266.jpeg,hotspot
H267.jpeg,hotspot
H268.jpeg,hotspot
H269.jpeg,hotspot
H27.jpeg,hotspot
H270.jpeg,hotspot
H271.jpeg,hotspot
H272.jpeg,hotspot
H273.jpeg,hotspot
H274.jpeg,hotspot
H275.jpeg,hotspot
H276.jpeg,hotspot
H277.jpeg,hotspot
H278.jpeg,hotspot
H279.jpeg,hotspot
H28.jpeg,hotspot
H280.jpeg,hotspot
H281.jpeg,hotspot
H282.jpeg,hotspot
H283.jpeg,hotspot
H284.jpeg,hotspot
H285.jpeg,hotspot
H286.jpeg,hotspot
H287.jpeg,hotspot
H288.jpeg,hotspot
H289.jpeg,hotspot
H29.jpeg,hotspot
H290.jpeg,hotspot
H291.jpeg,hotspot
H292.jpeg,hotspot
H293.jpeg,hotspot
H294.jpeg,hotspot
H295.jpeg,hotspot
H296.jpeg,hotspot
H297.jpeg,hotspot
H298.jpeg,hotspot
H299.jpeg,hotspot
H3.jpeg,hotspot
H30.jpeg,hotspot
H300.jpeg,hotspot
H301.jpeg,hotspot
H302.jpeg,hotspot
H303.jpeg,hotspot
H304.jpeg,hotspot
H305.jpeg,hotspot
H306.jpeg,hotspot
H307.jpeg,hotspot
H308.jpeg,hotspot
H309.jpeg,hotspot
H31.jpeg,hotspot
H310.jpeg,hotspot
H311.jpeg,hotspot
H312.jpeg,hotspot
H313.jpeg,hotspot
H314.jpeg,hotspot
H315.jpeg,hotspot
H316.jpeg,hotspot
H317.jpeg,hotspot
H318.jpeg,hotspot
H319.jpeg,hotspot
H32.jpeg,hotspot
H320.jpeg,hotspot
H321.jpeg,hotspot
H322.jpeg,hotspot
H323.jpeg,hotspot
H324.jpeg,hotspot
H325.jpeg,hotspot
H326.jpeg,hotspot
H327.jpeg,hotspot
H328.jpeg,hotspot
H329.jpeg,hotspot
H33.jpeg,hotspot
H330.jpeg,hotspot
H331.jpeg,hotspot
H332.jpeg,hotspot
H333.jpeg,hotspot
H334.jpeg,hotspot
H335.jpeg,hotspot
H336.jpeg,hotspot
H337.jpeg,hotspot
H338.jpeg,hotspot
H339.jpeg,hotspot
H34.jpeg,hotspot
H340.jpeg,hotspot
H341.jpeg,hotspot
H342.jpeg,hotspot
H343.jpeg,hotspot
H344.jpeg,hotspot
H345.jpeg,hotspot
H346.jpeg,hotspot
H347.jpeg,hotspot
H348.jpeg,hotspot
H349.jpeg,hotspot
H35.jpeg,hotspot
H350.jpeg,hotspot
H36.jpeg,hotspot
H37.jpeg,hotspot
H38.jpeg,hotspot
H39.jpeg,hotspot
H4.jpeg,hotspot
H40.jpeg,hotspot
H41.jpeg,hotspot
H42.jpeg,hotspot
H43.jpeg,hotspot
H44.jpeg,hotspot
H45.jpeg,hotspot
H46.jpeg,hotspot
H47.jpeg,hotspot
H48.jpeg,hotspot
H49.jpeg,hotspot
H5.jpeg,hotspot
H50.jpeg,hotspot
H51.jpeg,hotspot
H52.jpeg,hotspot
H53.jpeg,hotspot
H54.jpeg,hotspot
H55.jpeg,hotspot
H56.jpeg,hotspot
H57.jpeg,hotspot
H58.jpeg,hotspot
H59.jpeg,hotspot
H6.jpeg,hotspot
H60.jpeg,hotspot
H61.jpeg,hotspot
H62.jpeg,hotspot
H63.jpeg,hotspot
H64.jpeg,hotspot
H65.jpeg,hotspot
H66.jpeg,hotspot
H67.jpeg,hotspot
H68.jpeg,hotspot
H69.jpeg,hotspot
H7.jpeg,hotspot
H70.jpeg,hotspot
H71.jpeg,hotspot
H72.jpeg,hotspot
H73.jpeg,hotspot
h74.jpeg,hotspot
H75.jpeg,hotspot
H76.jpeg,hotspot
H77.jpeg,hotspot
H78.jpeg,hotspot
H79.jpeg,hotspot
H8.jpeg,hotspot
H80.jpeg,hotspot
H81.jpeg,hotspot
H82.jpeg,hotspot
H83.jpeg,hotspot
H84.jpeg,hotspot
H85.jpeg,hotspot
H86.jpeg,hotspot
H87.jpeg,hotspot
H88.jpeg,hotspot
H89.jpeg,hotspot
H9.jpeg,hotspot
H90.jpeg,hotspot
H91.jpeg,hotspot
H92.jpeg,hotspot
H93.jpeg,hotspot
H94.jpeg,hotspot
H95.jpeg,hotspot
H96.jpeg,hotspot
H97.jpeg,hotspot
H98.jpeg,hotspot
H99.jpeg,hotspot
S1.jpeg,shading
S10.jpeg,shading
S100.jpeg,shading
S101.jpeg,shading
S102.jpeg,shading
S103.jpeg,shading
S104.jpeg,shading
S105.jpeg,shading
S106.jpeg,shading
S107.jpeg,shading
S108.jpeg,shading
S109.jpeg,shading
S11.jpeg,shading
S110.jpeg,shading
S111.jpeg,shading
S112.jpeg,shading
S113.jpeg,shading
S114.jpeg,shading
S115.jpeg,shading
S116.jpeg,shading
S117.jpeg,shading
S118.jpeg,shading
S119.jpeg,shading
S12.jpeg,shading
S120.jpeg,shading
S121.jpeg,shading
S122.jpeg,shading
S123.jpeg,shading
S124.jpeg,shading
S125.jpeg,shading
S126.jpeg,shading
S127.jpeg,shading
S128.jpeg,shading
S129.jpeg,shading
S13.jpeg,shading
S130.jpeg,shading
S131.jpeg,shading
S132.jpeg,shading
S133.jpeg,shading
S134.jpeg,shading
S135.jpeg,shading
S136.jpeg,shading
S137.jpeg,shading
S138.jpeg,shading
S139.jpeg,shading
S14.jpeg,shading
S140.jpeg,shading
S141.jpeg,shading
S142.jpeg,shading
S143.jpeg,shading
S144.jpeg,shading
S145.jpeg,shading
S146.jpeg,shading
S147.jpeg,shading
S148.jpeg,shading
S149.jpeg,shading
S15.jpeg,shading
S150.jpeg,shading
S151.jpeg,shading
S152.jpeg,shading
S153.jpeg,shading
S154.jpeg,shading
S155.jpeg,shading
S156.jpeg,shading
S157.jpeg,shading
S158.jpeg,shading
S159.jpeg,shading
S16.jpeg,shading
S160.jpeg,shading
S161.jpeg,shading
S162.jpeg,shading
S163.jpeg,shading
S164.jpeg,shading
S165.jpeg,shading
S166.jpeg,shading
S167.jpeg,shading
S168.jpeg,shading
S169.jpeg,shading
S17.jpeg,shading
S170.jpeg,shading
S171.jpeg,shading
S172.jpeg,shading
S173.jpeg,shading
S174.jpeg,shading
S175.jpeg,shading
S176.jpeg,shading
S177.jpeg,shading
S178.jpeg,shading
S179.jpeg,shading
S18.jpeg,shading
S180.jpeg,shading
S181.jpeg,shading
S182.jpeg,shading
S183.jpeg,shading
S184.jpeg,shading
S185.jpeg,shading
S186.jpeg,shading
S187.jpeg,shading
S188.jpeg,shading
S189.jpeg,shading
S19.jpeg,shading
S190.jpeg,shading
S191.jpeg,shading
S192.jpeg,shading
S193.jpeg,shading
S194.jpeg,shading
S195.jpeg,shading
S196.jpeg,shading
S197.jpeg,shading
S198.jpeg,shading
S199.jpeg,shading
S2.jpeg,shading
S20.jpeg,shading
S200.jpeg,shading
S201.jpeg,shading
S202.jpeg,shading
S203.jpeg,shading
S204.jpeg,shading
S205.jpeg,shading
S206.jpeg,shading
S207.jpeg,shading
S208.jpeg,shading
S209.jpeg,shading
S21.jpeg,shading
S210.jpeg,shading
S211.jpeg,shading
S212.jpeg,shading
S213.jpeg,shading
S214.jpeg,shading
S215.jpeg,shading
S216.jpeg,shading
S217.jpeg,shading
S218.jpeg,shading
S219.jpeg,shading
S22.jpeg,shading
S220.jpeg,shading
S221.jpeg,shading
S222.jpeg,shading
S223.jpeg,shading
S224.jpeg,shading
S225.jpeg,shading
S226.jpeg,shading
S227.jpeg,shading
S228.jpeg,shading
S229.jpeg,shading
S23.jpeg,shading
S230.jpeg,shading
S231.jpeg,shading
S232.jpeg,shading
S233.jpeg,shading
S234.jpeg,shading
S235.jpeg,shading
S236.jpeg,shading
S237.jpeg,shading
S238.jpeg,shading
S239.jpeg,shading
S24.jpeg,shading
S240.jpeg,shading
S241.jpeg,shading
S242.jpeg,shading
S243.jpeg,shading
S244.jpeg,shading
S245.jpeg,shading
S246.jpeg,shading
S247.jpeg,shading
S248.jpeg,shading
S249.jpeg,shading
S25.jpeg,shading
S250.jpeg,shading
S251.jpeg,shading
S252.jpeg,shading
S253.jpeg,shading
S254.jpeg,shading
S255.jpeg,shading
S256.jpeg,shading
S257.jpeg,shading
S258.jpeg,shading
S259.jpeg,shading
S26.jpeg,shading
S260.jpeg,shading
S261.jpeg,shading
S262.jpeg,shading
S263.jpeg,shading
S264.jpeg,shading
S265.jpeg,shading
S266.jpeg,shading
S267.jpeg,shading
S268.jpeg,shading
S269.jpeg,shading
S27.jpeg,shading
S270.jpeg,shading
S271.jpeg,shading
S272.jpeg,shading
S273.jpeg,shading
S274.jpeg,shading
S275.jpeg,shading
S276.jpeg,shading
S277.jpeg,shading
S278.jpeg,shading
S279.jpeg,shading
S28.jpeg,shading
S280.jpeg,shading
S281.jpeg,shading
S282.jpeg,shading
S283.jpeg,shading
S284.jpeg,shading
S285.jpeg,shading
S286.jpeg,shading
S287.jpeg,shading
S288.jpeg,shading
S289.jpeg,shading
S29.jpeg,shading
S290.jpeg,shading
S291.jpeg,shading
S292.jpeg,shading
S293.jpeg,shading
S294.jpeg,shading
S295.jpeg,shading
S296.jpeg,shading
S297.jpeg,shading
S298.jpeg,shading
S299.jpeg,shading
S3.jpeg,shading
S30.jpeg,shading
S300.jpeg,shading
S31.jpeg,shading
S32.jpeg,shading
S33.jpeg,shading
S34.jpeg,shading
S35.jpeg,shading
S36.jpeg,shading
S37.jpeg,shading
S38.jpeg,shading
S39.jpeg,shading
S4.jpeg,shading
S40.jpeg,shading
S41.jpeg,shading
S42.jpeg,shading
S43.jpeg,shading
S44.jpeg,shading
S45.jpeg,shading
S46.jpeg,shading
S47.jpeg,shading
S48.jpeg,shading
S49.jpeg,shading
S5.jpeg,shading
S50.jpeg,shading
S51.jpeg,shading
S52.jpeg,shading
S53.jpeg,shading
S54.jpeg,shading
S55.jpeg,shading
S56.jpeg,shading
S57.jpeg,shading
S58.jpeg,shading
S59.jpeg,shading
S6.jpeg,shading
S60.jpeg,shading
S61.jpeg,shading
S62.jpeg,shading
S63.jpeg,shading
S64.jpeg,shading
S65.jpeg,shading
S66.jpeg,shading
S67.jpeg,shading
S68.jpeg,shading
S69.jpeg,shading
S7.jpeg,shading
S70.jpeg,shading
S71.jpeg,shading
S72.jpeg,shading
S73.jpeg,shading
S74.jpeg,shading
S75.jpeg,shading
S76.jpeg,shading
S77.jpeg,shading
S78.jpeg,shading
S79.jpeg,shading
S8.jpeg,shading
S80.jpeg,shading
S81.jpeg,shading
S82.jpeg,shading
S83.jpeg,shading
S84.jpeg,shading
S85.jpeg,shading
S86.jpeg,shading
S87.jpeg,shading
S88.jpeg,shading
S89.jpeg,shading
S9.jpeg,shading
S90.jpeg,shading
S91.jpeg,shading
S92.jpeg,shading
S93.jpeg,shading
S94.jpeg,shading
S95.jpeg,shading
S96.jpeg,shading
S97.jpeg,shading
S98.jpeg,shading
S99.jpeg,shading
